회차,로또번호
181,162132
180,450558
179,544955
178,124420
177,754655
176,193202
175,597093
174,234058
173,133510
172,770173
171,867654
170,076676
169,669245
168,432496
167,477238
166,664056
165,317227
164,562222
163,859219
162,819605
161,239937
160,913622
159,158071
158,002989
157,463637
156,192856
155,412008
154,080839
153,355192
152,487215
151,771598
150,579176
149,596219
148,977686
147,542454
146,735757
145,453877
144,307836
143,199137
142,631086
141,742714
140,974231
139,589839
138,668818
137,318754
136,010963
135,941327
134,779363
133,305248
132,592111
131,510012
130,597227
129,649638
128,627054
127,477879
126,993174
125,272286
124,939327
123,159056
122,216510
121,575862
120,014073
119,335226
118,676003
117,732375
116,990834
115,807531
114,191075
113,775530
112,248672
111,159486
110,114687
109,501026
108,256789
107,658340
106,890966
105,436305
104,515884
103,408379
102,641358
101,971511
100,935053
99,136128
98,580148
97,338407
96,950320
95,740942
94,329695
93,585449
92,235858
91,586054
90,487381
89,180249
88,807121
87,841331
86,330481
85,783688
84,707437
83,202997
82,419399
81,068561
80,030569
79,786276
78,689922
77,180506
76,307695
75,192750
74,605195
73,164115
72,542980
71,393588
70,802007
69,248855
68,699286
67,749063
66,641770
65,269117
64,929977
63,088257
62,218556
61,444520
60,016841
59,938423
58,311244
57,845390
56,559830
55,905658
54,923864
53,619003
52,737747
51,852265
50,338822
49,107523
48,047022
47,400876
46,587411
45,873784
44,393066
43,201688
42,469185
41,895352
40,852960
39,459979
38,849681
37,221111
36,643570
35,838380
34,826930
33,378296
32,365343
31,256502
30,905531
29,977038
28,826393
27,739586
26,071712
25,243430
24,357856
23,846581
22,440286
21,055838
20,802493
19,711067
18,972349
17,718273
16,342103
15,475016
14,970731
13,924748
12,965178
11,844578
10,092138
9,803757
8,876021
7,765740
6,858952
5,105948
4,004687
3,947176
2,836838
1,550104
